{
  "tournament_id": "tournament_20250922_104902",
  "generations": [
    0,
    1,
    2,
    3
  ],
  "episodes_per_matchup": 25,
  "matchup_results": {
    "0_vs_1": {
      "wins": 14,
      "losses": 10,
      "draws": 1,
      "total_reward": 942.0506045906915,
      "win_rate": 0.56,
      "episodes": 25
    },
    "0_vs_2": {
      "wins": 9,
      "losses": 15,
      "draws": 1,
      "total_reward": 129.27767443053017,
      "win_rate": 0.36,
      "episodes": 25
    },
    "0_vs_3": {
      "wins": 6,
      "losses": 16,
      "draws": 3,
      "total_reward": 25.131321344103515,
      "win_rate": 0.24,
      "episodes": 25
    },
    "1_vs_0": {
      "wins": 13,
      "losses": 11,
      "draws": 1,
      "total_reward": 671.4067406017878,
      "win_rate": 0.52,
      "episodes": 25
    },
    "1_vs_2": {
      "wins": 13,
      "losses": 12,
      "draws": 0,
      "total_reward": 786.1575046447979,
      "win_rate": 0.52,
      "episodes": 25
    },
    "1_vs_3": {
      "wins": 8,
      "losses": 16,
      "draws": 1,
      "total_reward": -73.09017477237654,
      "win_rate": 0.32,
      "episodes": 25
    },
    "2_vs_0": {
      "wins": 19,
      "losses": 4,
      "draws": 2,
      "total_reward": 1593.5816682622692,
      "win_rate": 0.76,
      "episodes": 25
    },
    "2_vs_1": {
      "wins": 10,
      "losses": 14,
      "draws": 1,
      "total_reward": 136.14052256307912,
      "win_rate": 0.4,
      "episodes": 25
    },
    "2_vs_3": {
      "wins": 14,
      "losses": 10,
      "draws": 1,
      "total_reward": 785.6158297316745,
      "win_rate": 0.56,
      "episodes": 25
    },
    "3_vs_0": {
      "wins": 19,
      "losses": 6,
      "draws": 0,
      "total_reward": 1540.969685134777,
      "win_rate": 0.76,
      "episodes": 25
    },
    "3_vs_1": {
      "wins": 18,
      "losses": 6,
      "draws": 1,
      "total_reward": 1566.2067951878196,
      "win_rate": 0.72,
      "episodes": 25
    },
    "3_vs_2": {
      "wins": 17,
      "losses": 8,
      "draws": 0,
      "total_reward": 1308.1182187419126,
      "win_rate": 0.68,
      "episodes": 25
    }
  },
  "generation_stats": {
    "0": {
      "wins": 29,
      "losses": 41,
      "draws": 5,
      "total_reward": 1096.459600365325
    },
    "1": {
      "wins": 34,
      "losses": 39,
      "draws": 2,
      "total_reward": 1384.4740704742092
    },
    "2": {
      "wins": 43,
      "losses": 28,
      "draws": 4,
      "total_reward": 2515.338020557023
    },
    "3": {
      "wins": 54,
      "losses": 20,
      "draws": 1,
      "total_reward": 4415.294699064509
    }
  },
  "rankings": [
    {
      "generation": 3,
      "win_rate": 0.72,
      "average_reward": 58.870595987526784,
      "total_wins": 54,
      "total_games": 75,
      "score": 0.6806117879625804
    },
    {
      "generation": 2,
      "win_rate": 0.5733333333333334,
      "average_reward": 33.53784027409364,
      "total_wins": 43,
      "total_games": 75,
      "score": 0.5019468541556142
    },
    {
      "generation": 1,
      "win_rate": 0.4533333333333333,
      "average_reward": 18.459654272989454,
      "total_wins": 34,
      "total_games": 75,
      "score": 0.37271229615230167
    },
    {
      "generation": 0,
      "win_rate": 0.38666666666666666,
      "average_reward": 14.619461338204333,
      "total_wins": 29,
      "total_games": 75,
      "score": 0.31452505068127967
    }
  ],
  "winner": 3,
  "evaluation_date": "2025-09-22 10:49:02.810362"
}